"","CÓDIGO","n","TURNOVER"
"1","CORRECTIVO",73350,200.958904109589
"2","OTRO",8242,22.5808219178082
"3","PREVENTIVO",182133,498.994520547945
